id,type,condition,accuracy,rt
1,practice,NA,1,894.6616776560122
1,practice,NA,1,1119.8311315861454
1,practice,NA,1,710.3713245736595
1,practice,NA,0,294.6846656508372
1,practice,NA,1,146.21477255627175
1,practice,NA,1,193.7798954202148
1,practice,NA,1,763.5158522228892
1,practice,NA,1,329.56927384602244
1,practice,NA,1,440.37579929211176
1,practice,NA,1,196.53958933271252
1,test,difficult,1,387.78165157854994
1,test,difficult,1,4710.696969381899
1,test,difficult,1,69.52587684715729
1,test,easy,1,854.7604513592742
1,test,easy,1,300.43466198978047
1,test,difficult,1,946.365463698917
1,test,easy,0,2080.689388305971
1,test,difficult,0,415.6730032720355
1,test,easy,1,121.11213956670632
1,test,easy,1,228.3958193080742
1,test,easy,1,1478.0098954899456
1,test,easy,1,526.1590277476627
1,test,difficult,1,715.1652515827419
1,test,difficult,1,1080.1610451800752
1,test,easy,1,906.8280218759626
1,test,difficult,1,4171.736184718799
1,test,easy,1,179.83745930868656
1,test,difficult,1,733.7038002910127
1,test,difficult,1,164.5824331115583
1,test,easy,1,555.6317084618514
2,practice,NA,1,6303.918244794992
2,practice,NA,1,2217.7180803088704
2,practice,NA,1,1458.4860367995211
2,practice,NA,0,629.3917697164019
2,practice,NA,1,693.0077998356696
2,practice,NA,1,330.4726060006948
2,practice,NA,1,1091.8962192876686
2,practice,NA,1,1597.8864414477664
2,practice,NA,1,572.6863185879779
2,practice,NA,1,788.1251247413949
2,test,easy,1,376.0580658391768
2,test,easy,1,179.36362217236825
2,test,difficult,1,179.78523251660408
2,test,easy,1,4566.174343074759
2,test,difficult,1,2650.9610170729666
2,test,easy,1,4121.25778333441
2,test,difficult,1,1840.2278121292925
2,test,easy,1,1524.202345067051
2,test,difficult,1,1197.2990125198228
2,test,easy,1,911.6619382470755
2,test,difficult,1,656.8392718423523
2,test,difficult,1,394.1487975771322
2,test,difficult,1,223.23194800661236
2,test,difficult,1,264.1299354556475
2,test,easy,1,140.79749220210638
2,test,easy,1,275.1502802404202
2,test,easy,1,145.32507170817854
2,test,difficult,1,100.49943337440405
2,test,difficult,0,468.86632617200195
2,test,easy,1,1132.9457992678163
3,practice,NA,1,1364.4720433521998
3,practice,NA,1,231.7788399292517
3,practice,NA,0,353.6336645263173
3,practice,NA,0,893.4241434886744
3,practice,NA,0,218.94025977733577
3,practice,NA,1,1336.3093912405434
3,practice,NA,0,631.9872286458325
3,practice,NA,1,298.69421240633864
3,practice,NA,0,1604.4911889374018
3,practice,NA,0,286.43156853801554
3,test,easy,1,820.110078009858
3,test,difficult,1,1929.5308209765549
3,test,easy,0,179.87086775676136
3,test,difficult,0,236.50637918363216
3,test,easy,0,989.8785390116163
3,test,difficult,1,338.0246311015994
3,test,difficult,1,1527.4299181681245
3,test,difficult,0,845.6254550674853
3,test,easy,1,419.35727246227196
3,test,difficult,0,757.0444129540617
3,test,difficult,1,1194.9172416684357
3,test,difficult,0,1271.6716502867935
3,test,difficult,1,842.7288455875413
3,test,easy,1,555.5757702556356
3,test,easy,1,321.88248556144384
3,test,easy,1,567.6680553811607
3,test,easy,1,158.6885219128546
3,test,difficult,0,316.1335137846041
3,test,easy,1,89.20873081857438
3,test,difficult,1,85.10364580547821
4,practice,NA,1,402.0084478576152
4,practice,NA,1,247.91654989194126
4,practice,NA,1,462.4998696630837
4,practice,NA,1,974.5104439776926
4,practice,NA,0,1887.193545233449
4,practice,NA,1,382.5734416175016
4,practice,NA,1,5595.2942798329
4,practice,NA,1,515.9983433357638
4,practice,NA,1,4411.560506845089
4,practice,NA,1,114.61474725694245
4,test,easy,1,2705.881801563669
4,test,difficult,0,390.6641697030693
4,test,difficult,1,2073.853301548442
4,test,easy,1,359.8981940260386
4,test,easy,1,1158.7351293250792
4,test,difficult,1,712.8964756494671
4,test,easy,1,2247.185939056919
4,test,easy,1,3373.11516688293
4,test,difficult,1,625.1219612325764
4,test,difficult,1,373.7552460065939
4,test,difficult,1,583.8478381883377
4,test,easy,0,219.78587243335966
4,test,difficult,1,424.34326481985784
4,test,difficult,1,840.1852682763733
4,test,difficult,1,1348.2066938029918
4,test,difficult,1,1888.9519981418832
4,test,easy,1,1184.0387587634245
4,test,difficult,1,1231.4757085304068
4,test,easy,1,1312.3377901204733
4,test,easy,1,57.839514318738246
5,practice,NA,1,97.53926029688397
5,practice,NA,1,102.49675046098953
5,practice,NA,1,643.6226997010643
5,practice,NA,1,375.48109896383886
5,practice,NA,1,25.939617658325055
5,practice,NA,0,343.1720286702368
5,practice,NA,0,925.7378081294052
5,practice,NA,0,435.5477503451556
5,practice,NA,1,691.2773929025175
5,practice,NA,1,415.17723046426687
5,test,difficult,1,160.2252553744323
5,test,easy,0,1601.2465932503192
5,test,easy,1,3134.0177619673113
5,test,easy,1,564.7317115197542
5,test,easy,1,2856.475384119182
5,test,difficult,1,480.04624080055885
5,test,difficult,1,859.5516025831533
5,test,difficult,1,2320.949309138636
5,test,difficult,0,1801.3044394388778
5,test,difficult,1,470.16798875845575
5,test,difficult,0,301.9324204238856
5,test,easy,0,1593.8648090269185
5,test,easy,1,1077.1766992913983
5,test,easy,1,224.0614914510006
5,test,difficult,1,454.029655409107
5,test,easy,1,2266.929402336197
5,test,easy,1,905.939304329153
5,test,easy,1,778.6346774811409
5,test,easy,1,524.7136926346724
5,test,easy,1,4064.325156252067
6,practice,NA,1,382.50542720255737
6,practice,NA,1,216.88093773262892
6,practice,NA,1,492.5287432481516
6,practice,NA,1,1813.35894686864
6,practice,NA,1,1388.915963898213
6,practice,NA,1,245.60891637154506
6,practice,NA,1,99.90509102400678
6,practice,NA,1,5523.612201893714
6,practice,NA,1,660.7471675514003
6,practice,NA,1,123.85846647578381
6,test,difficult,1,708.3015647582953
6,test,easy,1,395.3694441676264
6,test,easy,1,276.79979919622184
6,test,easy,1,316.713719037763
6,test,easy,1,438.668061670618
6,test,easy,1,3052.981207881069
6,test,easy,1,1126.674984680923
6,test,difficult,1,2265.275425675652
6,test,difficult,1,134.2275512254873
6,test,easy,1,1016.9168742678476
6,test,easy,1,431.4342595167436
6,test,easy,1,1641.3093572026041
6,test,difficult,1,652.4995851334654
6,test,easy,1,301.7078402842706
6,test,easy,1,363.0963108149419
6,test,easy,1,568.4806933991656
6,test,difficult,1,206.55175884807156
6,test,easy,1,618.4081200965745
6,test,difficult,1,920.443326661281
6,test,difficult,1,364.1480777468869
7,practice,NA,1,475.72612029085076
7,practice,NA,1,165.95778735049674
7,practice,NA,1,574.5578751424237
7,practice,NA,1,1192.081394417198
7,practice,NA,1,1895.8491994318604
7,practice,NA,1,769.4671794219861
7,practice,NA,1,1070.437209347613
7,practice,NA,1,879.3486250839054
7,practice,NA,1,735.0176151190465
7,practice,NA,1,286.72425370633874
7,test,easy,1,478.7165249375485
7,test,difficult,1,220.8372530442188
7,test,difficult,1,1047.5621049219505
7,test,difficult,0,447.2201707962838
7,test,difficult,1,2472.425156555017
7,test,difficult,1,644.9590794193687
7,test,easy,1,340.7742752649701
7,test,easy,1,137.04093422018164
7,test,difficult,1,234.30076898800255
7,test,easy,1,687.1891475742898
7,test,easy,1,104.94868355537547
7,test,difficult,1,89.77199784368008
7,test,difficult,1,384.32870954727537
7,test,difficult,1,1085.6918022656757
7,test,difficult,1,1267.3265424237675
7,test,difficult,1,1189.0170934228854
7,test,easy,1,1244.283497532882
7,test,difficult,0,491.3855243166041
7,test,easy,1,742.2989780574333
7,test,easy,0,179.45606863502897
8,practice,NA,1,5824.7837112798215
8,practice,NA,0,255.24755172021614
8,practice,NA,0,802.5617953318316
8,practice,NA,0,286.7801117896273
8,practice,NA,1,462.6425970397523
8,practice,NA,1,817.9093614627275
8,practice,NA,1,133.22364814410201
8,practice,NA,1,136.88287789952645
8,practice,NA,1,865.2064867851881
8,practice,NA,0,117.3960697722195
8,test,easy,1,1229.6927231025381
8,test,easy,1,1437.1458643087528
8,test,difficult,0,572.100196545295
8,test,difficult,1,3669.9441942735175
8,test,easy,1,1347.971219943525
8,test,difficult,1,1114.4619468343137
8,test,easy,0,868.8651351238739
8,test,easy,0,1183.2200448535364
8,test,easy,1,847.9704403909834
8,test,difficult,1,326.29514198381736
8,test,easy,0,678.6759401384237
8,test,difficult,1,135.5267553310855
8,test,easy,1,419.256670375787
8,test,difficult,1,284.99890814554584
8,test,easy,0,582.6592537314394
8,test,difficult,0,3171.026993488547
8,test,easy,1,592.0513006326626
8,test,difficult,1,352.272158349644
8,test,difficult,1,499.76078152976186
8,test,easy,1,1349.3430741824632
9,practice,NA,1,1097.4677999459436
9,practice,NA,0,686.7784589779162
9,practice,NA,1,149.3206949372424
9,practice,NA,1,1126.5379421396485
9,practice,NA,0,327.62670653832527
9,practice,NA,0,574.7001398078756
9,practice,NA,0,1397.3342497246251
9,practice,NA,1,359.9877915474364
9,practice,NA,0,197.5239692647622
9,practice,NA,1,187.19762178498752
9,test,easy,1,119.11151971004169
9,test,difficult,0,309.4680122964445
9,test,easy,0,2796.283150077174
9,test,difficult,0,67.40643205635476
9,test,easy,1,131.38537672964168
9,test,easy,1,239.34814783396527
9,test,easy,0,2305.0244342893075
9,test,easy,0,3736.4183339883157
9,test,difficult,1,4054.667110371279
9,test,difficult,0,986.7607453901921
9,test,easy,1,151.93364379938737
9,test,easy,1,493.79294691774
9,test,easy,1,210.5075079227277
9,test,difficult,0,1998.5518771525801
9,test,difficult,1,143.9022157352958
9,test,difficult,1,645.3828918217597
9,test,difficult,0,1254.7291109171651
9,test,difficult,0,104.10487621246352
9,test,easy,0,754.4091765296938
9,test,difficult,1,2700.91698874836
10,practice,NA,1,288.4713203205949
10,practice,NA,1,3843.5030893591897
10,practice,NA,1,224.7222473170682
10,practice,NA,1,917.8237864426263
10,practice,NA,1,286.8109622111439
10,practice,NA,1,2115.0865124437855
10,practice,NA,1,664.9543168066523
10,practice,NA,0,339.15938306744664
10,practice,NA,1,205.05695036728375
10,practice,NA,1,2228.593850420406
10,test,easy,0,530.7279278711808
10,test,easy,1,19804.73026588044
10,test,easy,0,1923.5208753103825
10,test,easy,1,449.25515396176246
10,test,easy,1,754.0832494535864
10,test,difficult,1,572.1216380866722
10,test,easy,1,665.049875897049
10,test,difficult,1,315.2826535187716
10,test,easy,0,216.81377607193483
10,test,difficult,1,300.37212713463623
10,test,difficult,1,1075.6106159809194
10,test,difficult,1,1941.7055078449973
10,test,easy,1,1913.1356962521718
10,test,difficult,1,1997.3133149289338
10,test,difficult,0,2863.0258821631896
10,test,difficult,1,2652.9966683379453
10,test,easy,1,892.9642551881004
10,test,easy,1,640.9697098602452
10,test,easy,1,1120.2523130467098
10,test,easy,0,391.19131522287654
11,practice,NA,0,2449.0198856168704
11,practice,NA,0,314.6029541000206
11,practice,NA,0,543.5211400425399
11,practice,NA,0,702.0662978761013
11,practice,NA,0,618.5104734478542
11,practice,NA,0,2928.929182885789
11,practice,NA,0,3182.5357516290605
11,practice,NA,1,913.0105183820177
11,practice,NA,1,154.3657610161783
11,practice,NA,1,1047.3524786190583
11,test,difficult,0,835.7135424153959
11,test,difficult,0,3230.6369936198907
11,test,difficult,1,228.79571812577865
11,test,difficult,1,702.9035606709298
11,test,easy,0,287.423949428972
11,test,easy,0,288.6161398351613
11,test,difficult,0,982.7494530629784
11,test,difficult,0,72.62548442072527
11,test,easy,0,90.1544587873086
11,test,difficult,0,1396.4524556317901
11,test,easy,1,630.7457583005788
11,test,difficult,0,3096.7100829974784
11,test,easy,0,691.4276469468631
11,test,easy,0,3270.119006910793
11,test,easy,0,1225.5977800676112
11,test,easy,0,388.85439220880113
11,test,easy,0,105.28614949814379
11,test,difficult,0,89.85308842642472
11,test,difficult,1,141.26757936201471
11,test,difficult,0,790.564883911388
12,practice,NA,1,3060.4385728770494
12,practice,NA,1,493.1730270310353
12,practice,NA,1,1885.0193588333855
12,practice,NA,1,310.8255878358626
12,practice,NA,1,445.1885870254313
12,practice,NA,1,434.6595980697606
12,practice,NA,1,151.40212664718862
12,practice,NA,1,1364.6869210848938
12,practice,NA,1,762.0703105720037
12,practice,NA,1,212.3466447734473
12,test,easy,1,1715.8995609738156
12,test,easy,1,908.1931290376451
12,test,difficult,1,863.2758197234199
12,test,easy,1,434.2124748863317
12,test,easy,1,564.2217396676915
12,test,difficult,1,167.47584443595167
12,test,difficult,1,2061.522110638051
12,test,difficult,1,649.7051353241933
12,test,difficult,1,1219.6896017138154
12,test,easy,1,1322.954163297571
12,test,easy,1,587.1111111427504
12,test,difficult,1,181.45269975845136
12,test,difficult,1,610.4437401129093
12,test,difficult,1,6953.79854270547
12,test,easy,1,636.6898703662506
12,test,difficult,1,646.2911401727581
12,test,easy,1,784.3350042379794
12,test,easy,1,570.7807859109399
12,test,difficult,1,717.3078545886999
12,test,easy,1,943.6249857330333
13,practice,NA,1,331.2749612084809
13,practice,NA,0,181.87705520177755
13,practice,NA,1,461.0177406019091
13,practice,NA,1,358.8263018005563
13,practice,NA,0,1096.6866125248087
13,practice,NA,0,1017.0473449229179
13,practice,NA,0,758.7686096178902
13,practice,NA,1,2114.709645420982
13,practice,NA,1,738.1098872443505
13,practice,NA,1,380.49011794669866
13,test,difficult,0,410.9022087150337
13,test,difficult,1,904.9278767804379
13,test,difficult,1,430.6067105535288
13,test,easy,1,551.8164630005149
13,test,easy,1,2447.3208436828545
13,test,easy,1,990.930162851447
13,test,difficult,1,220.31707875816858
13,test,difficult,0,1476.6793106620735
13,test,easy,1,298.38361525308886
13,test,easy,0,1069.4782352650873
13,test,difficult,0,552.6330773899134
13,test,difficult,1,1079.796315212004
13,test,easy,1,235.38536540155192
13,test,easy,1,436.1619880263842
13,test,difficult,1,2061.2192229290895
13,test,easy,0,192.44114307652114
13,test,easy,1,229.85641631889285
13,test,easy,0,2763.6664622903377
13,test,difficult,1,374.28064443465354
13,test,easy,1,1566.2999860033597
14,practice,NA,1,771.5506489462424
14,practice,NA,1,1851.8482794905003
14,practice,NA,1,275.13309925664544
14,practice,NA,1,2022.9058481555003
14,practice,NA,1,805.4952963014663
14,practice,NA,1,852.6077952461559
14,practice,NA,0,1037.108288835413
14,practice,NA,1,534.8512202084812
14,practice,NA,1,1306.038514832297
14,practice,NA,1,1313.6711987345386
14,test,difficult,1,798.7998593543617
14,test,easy,1,500.036067149612
14,test,easy,1,378.3715540117191
14,test,difficult,1,1670.7224379252798
14,test,difficult,1,995.8827344573326
14,test,difficult,1,698.2688110546806
14,test,easy,1,288.5495399169734
14,test,difficult,1,1774.6434018662521
14,test,easy,1,2886.970559321189
14,test,easy,1,2034.76551345207
14,test,easy,1,2059.5986582665137
14,test,difficult,1,464.2384906046514
14,test,easy,1,354.036740519223
14,test,easy,1,595.1114666708378
14,test,difficult,1,543.2895726272336
14,test,difficult,1,328.4101355068554
14,test,difficult,1,1723.2087556981837
14,test,difficult,1,248.9737349898924
14,test,easy,1,87.55330118908599
14,test,easy,0,1774.189195673283
15,practice,NA,0,67.15976361070645
15,practice,NA,1,320.08537698381974
15,practice,NA,1,518.6972510510827
15,practice,NA,1,1806.379985492228
15,practice,NA,1,1088.3460629912456
15,practice,NA,1,747.7307114640329
15,practice,NA,1,699.7403585149374
15,practice,NA,1,518.0612985973539
15,practice,NA,1,4945.031307029897
15,practice,NA,1,318.72602420827405
15,test,difficult,0,246.3586635178557
15,test,difficult,1,3162.0801465404998
15,test,easy,0,1343.1118354924456
15,test,easy,1,144.11082269427257
15,test,difficult,0,1743.5435639226082
15,test,easy,1,1331.6798552916928
15,test,difficult,1,970.0133252119451
15,test,easy,1,270.2338424190952
15,test,difficult,0,504.5269480167819
15,test,difficult,1,795.3932954054756
15,test,difficult,1,687.637371297143
15,test,difficult,1,647.8306406908904
15,test,easy,1,277.56524981039524
15,test,difficult,1,254.92097049608785
15,test,easy,0,239.05421672294977
15,test,difficult,1,285.5258709998759
15,test,difficult,1,554.3795615285267
15,test,difficult,1,568.1611329762911
15,test,easy,0,4532.92931167483
15,test,easy,1,150.0562817503929
16,practice,NA,1,823.0773121654424
16,practice,NA,1,517.5627486704418
16,practice,NA,1,4280.406798247703
16,practice,NA,1,2022.9139028230675
16,practice,NA,1,415.91790018117774
16,practice,NA,1,5400.472286086355
16,practice,NA,1,1072.788102432206
16,practice,NA,1,353.9433547909504
16,practice,NA,1,215.32661469253347
16,practice,NA,1,317.75234516755035
16,test,easy,1,167.8175906902972
16,test,easy,1,243.8255721984358
16,test,easy,1,110.97979843818406
16,test,difficult,1,671.1329895480037
16,test,difficult,1,579.2764717474465
16,test,easy,0,2698.9135917078056
16,test,difficult,1,3673.5709927722173
16,test,easy,1,304.39295151497157
16,test,easy,0,1017.7850530682543
16,test,difficult,1,658.6198882621187
16,test,easy,1,1580.220775058562
16,test,difficult,1,1091.6556315287912
16,test,difficult,1,2907.845981985285
16,test,difficult,1,1097.0930398385053
16,test,easy,1,384.2660755166149
16,test,difficult,1,1305.0625303158445
16,test,easy,1,1117.3918291404989
16,test,easy,1,575.4573069463935
16,test,difficult,1,576.2204091623287
16,test,easy,0,490.9130079222348
17,practice,NA,0,688.9644939907107
17,practice,NA,0,3405.979646068005
17,practice,NA,1,198.5317356771607
17,practice,NA,1,537.8515786911792
17,practice,NA,0,982.0162855514449
17,practice,NA,1,778.735573795587
17,practice,NA,1,176.81124594596494
17,practice,NA,1,1536.3215327494827
17,practice,NA,1,2793.846114738343
17,practice,NA,0,944.6972553762638
17,test,easy,1,779.8051147355161
17,test,difficult,1,850.4048408904273
17,test,easy,0,316.1365134778432
17,test,difficult,0,3827.910235654657
17,test,difficult,1,550.7287484426896
17,test,easy,1,2988.7642673876667
17,test,easy,1,446.8216388954051
17,test,difficult,1,784.8931065994099
17,test,easy,0,2383.1795026829327
17,test,difficult,1,589.9865346849888
17,test,difficult,1,464.9845953980582
17,test,difficult,1,477.01477873491086
17,test,easy,1,612.2176011077354
17,test,easy,0,215.7072851126172
17,test,difficult,1,135.04734430552756
17,test,difficult,1,649.5103446260189
17,test,difficult,1,199.53195583792427
17,test,difficult,1,78.8671301812409
17,test,easy,1,430.4049290033577
17,test,difficult,1,748.1838520015448
18,practice,NA,1,2038.4216422477052
18,practice,NA,1,524.9710076968632
18,practice,NA,1,101.36045475949125
18,practice,NA,1,843.1502564753441
18,practice,NA,1,3517.583148902355
18,practice,NA,0,1788.5121426858188
18,practice,NA,0,235.14981407652573
18,practice,NA,1,1942.0263070823105
18,practice,NA,0,2846.461847069551
18,practice,NA,1,1627.7046642097503
18,test,difficult,0,720.1655285061801
18,test,easy,1,1114.5285533371368
18,test,easy,1,247.17937547053512
18,test,easy,1,234.86925586403956
18,test,difficult,1,653.9373183572595
18,test,difficult,1,952.4081853862451
18,test,easy,1,812.471175998718
18,test,difficult,1,996.8325503494482
18,test,easy,1,1702.7495472511534
18,test,difficult,0,2469.6127319349525
18,test,easy,1,186.50931983070961
18,test,easy,1,1180.8170094049567
18,test,difficult,1,184.78809804222885
18,test,easy,1,222.079952742879
18,test,difficult,0,457.1515361181066
18,test,easy,1,120.88799588401287
18,test,difficult,1,1889.0355691423106
18,test,difficult,1,946.6198624369125
18,test,difficult,1,487.29404531874525
18,test,difficult,1,119.15971404292566
19,practice,NA,1,353.4354867202731
19,practice,NA,0,330.54139149603293
19,practice,NA,1,6861.980890701992
19,practice,NA,1,252.78822947061417
19,practice,NA,0,3657.423484725632
19,practice,NA,1,4492.660089420784
19,practice,NA,1,993.7158151783501
19,practice,NA,1,615.5334146325466
19,practice,NA,0,1574.4836046516903
19,practice,NA,1,1225.2234043119051
19,test,easy,1,759.1015810090416
19,test,difficult,1,342.04017170495445
19,test,easy,1,1158.6345295781236
19,test,easy,1,173.68979572663264
19,test,difficult,1,319.002637502154
19,test,easy,1,1654.2990640127623
19,test,difficult,1,945.5660770792751
19,test,easy,0,4211.044646434624
19,test,easy,1,1892.6793347281168
19,test,difficult,1,304.3070096083442
19,test,easy,1,1631.18246741676
19,test,easy,0,380.2351340638391
19,test,easy,1,239.09038555238973
19,test,easy,1,1316.5805437342694
19,test,easy,1,857.0248285120713
19,test,easy,1,618.5534318935662
19,test,difficult,1,4426.298174269156
19,test,easy,1,103.62224300560771
19,test,difficult,1,4563.201590070183
19,test,difficult,0,320.242772916776
20,practice,NA,1,2288.8122973476197
20,practice,NA,1,1904.2762836794188
20,practice,NA,0,2580.6101276285963
20,practice,NA,1,6012.007695071258
20,practice,NA,1,448.63476120742456
20,practice,NA,1,639.3621875463069
20,practice,NA,1,355.59681583659983
20,practice,NA,1,222.46475589140502
20,practice,NA,1,361.78059020307984
20,practice,NA,1,399.6785348032321
20,test,difficult,0,159.40196282938442
20,test,difficult,1,222.58257551301455
20,test,difficult,1,480.9941294737088
20,test,easy,1,1888.1078316038029
20,test,easy,1,614.5963733851897
20,test,easy,1,2829.6361851461947
20,test,difficult,1,1149.2662375044656
20,test,difficult,1,270.0430949856736
20,test,difficult,1,322.700240816525
20,test,easy,0,1575.77274591287
20,test,difficult,1,424.7503456736625
20,test,difficult,0,320.3504343657806
20,test,easy,0,299.800734478544
20,test,easy,1,1115.8844321819688
20,test,difficult,1,84.9976476542059
20,test,difficult,1,1465.1780452231126
20,test,difficult,1,369.19009864926846
20,test,difficult,0,407.24949420998524
20,test,easy,1,982.5363251715277
20,test,easy,1,216.0880152317545
21,practice,NA,0,866.4910833375103
21,practice,NA,1,108.22338109525722
21,practice,NA,1,288.46258505201814
21,practice,NA,1,841.3121011442389
21,practice,NA,1,117.40528873219544
21,practice,NA,1,104.4828770017431
21,practice,NA,1,438.6655929178202
21,practice,NA,0,161.37913299607337
21,practice,NA,1,287.0339463693195
21,practice,NA,0,1196.4285516440705
21,test,easy,1,1148.8591038016364
21,test,difficult,0,2055.0005125261823
21,test,difficult,1,1804.3462305594965
21,test,difficult,1,564.3276883233796
21,test,difficult,1,232.05690545391525
21,test,easy,1,322.83017370911693
21,test,difficult,1,136.3835961970035
21,test,easy,1,254.7159742127933
21,test,easy,1,2455.0617791881286
21,test,difficult,1,617.5470033844189
21,test,difficult,0,335.9959513961596
21,test,easy,1,131.20849456350115
21,test,easy,1,594.013265447063
21,test,easy,1,820.5865613426596
21,test,easy,1,766.9764877958823
21,test,difficult,1,3089.6740078147322
21,test,easy,1,920.8924320250258
21,test,easy,0,345.42587635991805
21,test,difficult,0,381.2646358476281
21,test,easy,1,501.2547104621545
22,practice,NA,1,810.1663064806785
22,practice,NA,1,109.22162639788995
22,practice,NA,1,1028.191694331223
22,practice,NA,1,722.7360612224711
22,practice,NA,1,925.7278696637516
22,practice,NA,1,1242.367480094083
22,practice,NA,1,2799.1457259632143
22,practice,NA,1,859.5858503675069
22,practice,NA,1,532.7259920307782
22,practice,NA,1,526.818307038097
22,test,difficult,1,5466.448444757645
22,test,easy,1,173.82413013090547
22,test,easy,1,2416.364879764871
22,test,difficult,1,468.0500899987924
22,test,easy,1,167.84755686017192
22,test,difficult,1,8667.121153051648
22,test,difficult,1,3000.854617264781
22,test,easy,1,414.5288283583505
22,test,easy,1,338.62103299040484
22,test,difficult,1,504.29809750726326
22,test,difficult,1,315.3797267457588
22,test,easy,1,818.0853536122314
22,test,easy,1,5199.234624716092
22,test,difficult,1,732.8801439416391
22,test,easy,1,438.28515685125353
22,test,easy,1,516.3831061613429
22,test,easy,1,2610.5239184044617
22,test,difficult,1,1523.4647935481867
22,test,easy,1,352.71701940785806
22,test,easy,1,86.40900355017288
23,practice,NA,0,749.1018360719934
23,practice,NA,1,356.71413612231646
23,practice,NA,1,64.605071566763
23,practice,NA,1,2968.318485529588
23,practice,NA,1,1334.181560057692
23,practice,NA,1,1014.525570015608
23,practice,NA,1,300.4307225033393
23,practice,NA,1,198.97874236116613
23,practice,NA,1,1323.1473615301009
23,practice,NA,1,2179.1012241436515
23,test,easy,1,1103.1800524751507
23,test,easy,1,943.6167935809071
23,test,difficult,1,1754.5362164927933
23,test,easy,1,666.1714661387451
23,test,difficult,1,1953.6310148558337
23,test,easy,1,234.64287639935387
23,test,difficult,1,156.45636527918936
23,test,easy,1,1374.5223879390626
23,test,easy,1,647.6163964575715
23,test,easy,1,1348.5681371179985
23,test,difficult,1,7347.53433481773
23,test,difficult,1,1178.1675192220778
23,test,difficult,1,8487.95762040079
23,test,easy,1,1900.1641633208303
23,test,difficult,1,4066.925377645904
23,test,difficult,1,1480.8202486855646
23,test,difficult,1,785.2052658754029
23,test,difficult,1,169.650433779656
23,test,difficult,1,180.49656777221344
23,test,easy,1,345.0309347711412
24,practice,NA,0,228.3153987526746
24,practice,NA,1,883.2441457726972
24,practice,NA,0,1492.91408168619
24,practice,NA,1,1374.3089237827833
24,practice,NA,1,120.93066215345772
24,practice,NA,0,902.6931172882846
24,practice,NA,1,1265.9205753681229
24,practice,NA,0,1930.0861878998685
24,practice,NA,1,165.8492522439771
24,practice,NA,1,372.59812513653054
24,test,easy,0,1208.7685515330386
24,test,easy,0,672.7966496388281
24,test,difficult,0,683.9294070273162
24,test,easy,0,1169.8351029763285
24,test,easy,0,355.39914609793317
24,test,easy,0,1430.6277588698883
24,test,difficult,0,133.57376550884166
24,test,easy,0,401.1569678135228
24,test,easy,1,1231.2916123389311
24,test,difficult,1,1395.8842151640656
24,test,difficult,1,2109.584579794883
24,test,difficult,1,94.61471946771798
24,test,easy,1,452.1122425001783
24,test,difficult,1,906.4234855299908
24,test,easy,0,2719.547585130787
24,test,difficult,0,541.517226078938
24,test,easy,1,390.33856439613817
24,test,difficult,1,763.7430587704561
24,test,difficult,0,3158.5659792520387
24,test,difficult,1,328.045521155451
25,practice,NA,1,92.21707629180942
25,practice,NA,1,332.45004427117624
25,practice,NA,1,192.47816506026965
25,practice,NA,1,822.4934674838842
25,practice,NA,1,582.5240594418364
25,practice,NA,1,688.4271509539783
25,practice,NA,1,541.6681662563409
25,practice,NA,1,627.0415315437664
25,practice,NA,1,219.016053204481
25,practice,NA,1,1467.8693933675186
25,test,easy,0,858.6048110352981
25,test,easy,1,394.6931871166867
25,test,easy,1,317.54580176244804
25,test,easy,1,254.16096204138867
25,test,easy,1,815.4852242714021
25,test,easy,1,2666.789701954168
25,test,difficult,1,972.9827101907748
25,test,easy,1,1612.5264844491408
25,test,difficult,1,1644.0166844987984
25,test,easy,1,1217.8112515752182
25,test,easy,1,1552.5227053123897
25,test,easy,1,223.54728872773526
25,test,difficult,1,3419.2545152327457
25,test,easy,1,2117.141043241089
25,test,easy,1,601.1301482396954
25,test,difficult,1,3837.7428410375114
25,test,difficult,0,563.0391973209711
25,test,easy,0,2898.731888707183
25,test,difficult,1,3402.839688609455
25,test,easy,1,146.3424871849226
26,practice,NA,1,273.36928417271844
26,practice,NA,1,714.1646798203851
26,practice,NA,1,1111.1691352659523
26,practice,NA,1,1164.9322597980413
26,practice,NA,1,745.6793358337517
26,practice,NA,1,1120.1008396592963
26,practice,NA,1,292.4453783655675
26,practice,NA,1,393.3324628603006
26,practice,NA,1,401.05865495808695
26,practice,NA,1,323.389489774084
26,test,difficult,1,4178.838972797043
26,test,difficult,1,2009.6366296740766
26,test,easy,1,294.0396368087516
26,test,easy,1,1363.1619759579853
26,test,difficult,1,551.069596237057
26,test,difficult,1,226.71468213219896
26,test,difficult,1,408.7181822354586
26,test,difficult,1,1059.8878079785466
26,test,difficult,1,6129.676112584424
26,test,easy,1,233.6813709862481
26,test,difficult,1,295.7082054035459
26,test,easy,1,1263.6478141187122
26,test,difficult,1,1461.118312866705
26,test,difficult,1,632.405874362567
26,test,difficult,1,1061.310229120231
26,test,easy,1,331.65099690656524
26,test,difficult,1,180.00739895996654
26,test,difficult,1,2807.1536953055274
26,test,easy,1,1336.5078500967854
26,test,easy,1,312.8566069955109
27,practice,NA,1,812.4475044214867
27,practice,NA,1,4504.244342372403
27,practice,NA,1,405.5633146703919
27,practice,NA,1,399.17924483582914
27,practice,NA,1,210.3370656843164
27,practice,NA,1,556.6063915250494
27,practice,NA,1,329.5474981988158
27,practice,NA,1,702.9604849627332
27,practice,NA,1,278.68401697775175
27,practice,NA,1,60.055489771710974
27,test,difficult,1,1045.3283178135348
27,test,difficult,1,1372.691611092852
27,test,difficult,1,1291.2153394249096
27,test,difficult,1,1419.0574397390612
27,test,easy,1,943.6305176084568
27,test,easy,1,4377.487360201131
27,test,difficult,1,1813.8154257455399
27,test,difficult,1,212.30026082273724
27,test,easy,1,42.44873349033162
27,test,easy,1,671.7445321942744
27,test,difficult,1,1372.3543811128657
27,test,easy,1,823.4587631103759
27,test,easy,1,3841.078275972964
27,test,difficult,1,650.069072287784
27,test,difficult,1,1848.7162800423037
27,test,easy,1,456.3836468359743
27,test,difficult,1,5029.493665745907
27,test,difficult,1,1395.8352298330362
27,test,difficult,1,1369.5962786356886
27,test,easy,1,516.6298421325059
28,practice,NA,1,434.2144094910776
28,practice,NA,1,479.2412508063815
28,practice,NA,1,3948.0044841041363
28,practice,NA,0,1239.8222082907823
28,practice,NA,1,345.3933530180429
28,practice,NA,1,1078.7283893836882
28,practice,NA,0,1026.5812201636395
28,practice,NA,0,5657.941695541764
28,practice,NA,1,129.1007150900791
28,practice,NA,1,1102.6743795224086
28,test,easy,0,1540.854953444309
28,test,difficult,0,368.20850841341155
28,test,difficult,1,8351.736645613224
28,test,easy,1,343.9124842591406
28,test,difficult,1,1277.1885657619905
28,test,difficult,0,139.37009411135048
28,test,difficult,0,1204.9571938799195
28,test,difficult,1,1667.27131107063
28,test,easy,1,217.2221416626553
28,test,difficult,0,129.75223272280112
28,test,easy,0,206.11208098557677
28,test,easy,0,882.2790390873591
28,test,difficult,0,419.0073357073562
28,test,easy,1,293.7563499621155
28,test,difficult,0,1766.088133179327
28,test,difficult,0,95.67661431955555
28,test,easy,0,3338.1776175270975
28,test,easy,0,1207.2625752027848
28,test,difficult,0,6021.933684331623
28,test,easy,1,127.70294851216512
29,practice,NA,1,627.1907908968323
29,practice,NA,1,790.0150731563972
29,practice,NA,1,3246.287000311273
29,practice,NA,1,1152.4961559284227
29,practice,NA,1,635.2249992904309
29,practice,NA,1,491.4748562343804
29,practice,NA,0,504.1725396737809
29,practice,NA,1,537.61519894503
29,practice,NA,1,2865.1107200525735
29,practice,NA,0,127.38490687589969
29,test,difficult,1,320.50417816323505
29,test,easy,1,1622.783446275533
29,test,difficult,1,122.77674859551946
29,test,easy,0,2397.8209043867055
29,test,easy,1,4169.826726872558
29,test,difficult,1,949.5012385487382
29,test,easy,1,2927.2651558382636
29,test,difficult,1,114.63394558621914
29,test,difficult,1,896.2142577493164
29,test,easy,0,528.1052249549944
29,test,difficult,0,707.9412601797839
29,test,easy,1,2278.0952105147817
29,test,easy,1,176.68111129404124
29,test,difficult,0,412.7301519358484
29,test,easy,1,1491.4902671630266
29,test,easy,0,344.4212801462101
29,test,easy,1,106.09988786645758
29,test,easy,1,612.8383664324933
29,test,easy,1,339.8845515593705
29,test,difficult,0,1879.526725154184
30,practice,NA,1,4337.831312467322
30,practice,NA,1,322.94866316472405
30,practice,NA,1,1012.061717518801
30,practice,NA,1,676.3641108130114
30,practice,NA,1,390.1929163930808
30,practice,NA,1,548.0201955103862
30,practice,NA,1,2005.7623821447387
30,practice,NA,0,1808.41911866673
30,practice,NA,0,5473.844860894741
30,practice,NA,0,1309.6942923754248
30,test,difficult,1,510.770527201785
30,test,easy,1,849.5791721236935
30,test,easy,0,377.64181365496756
30,test,easy,0,303.76722790466624
30,test,difficult,0,497.99105277255074
30,test,difficult,0,1708.7490884241074
30,test,difficult,1,644.2142940486108
30,test,difficult,0,479.97592698095093
30,test,difficult,0,878.6722042825324
30,test,easy,1,90.22079624872069
30,test,difficult,1,700.3443467640104
30,test,difficult,1,320.63814742963166
30,test,easy,0,1509.5593691505494
30,test,difficult,0,364.9978561087029
30,test,difficult,1,567.5067382577396
30,test,easy,0,449.98367097713486
30,test,difficult,0,478.3735933907112
30,test,difficult,1,1266.1176902128839
30,test,difficult,1,491.6735821794762
30,test,difficult,1,299.91164639390274
31,practice,NA,1,2267.8698488566047
31,practice,NA,1,1073.6863836198738
31,practice,NA,1,795.1453548447232
31,practice,NA,1,455.23396868879917
31,practice,NA,1,2553.8474024544503
31,practice,NA,1,151.28593779946593
31,practice,NA,1,1479.5494609360628
31,practice,NA,1,602.893451072803
31,practice,NA,1,76.9035683071878
31,practice,NA,1,344.23818968701596
31,test,difficult,1,1858.2611310812665
31,test,easy,1,3159.762903148258
31,test,easy,1,470.76092148640305
31,test,easy,1,2061.4374278462024
31,test,difficult,1,214.9033439540593
31,test,difficult,1,264.1714690408915
31,test,easy,1,651.9357817406259
31,test,difficult,1,475.09957801998
31,test,easy,1,1055.6420459324083
31,test,difficult,1,1017.1881307292886
31,test,difficult,1,463.80410084067466
31,test,easy,1,1419.3008162436674
31,test,difficult,1,357.66299764350117
31,test,easy,1,783.4437512091046
31,test,difficult,1,509.5288512386856
31,test,easy,1,354.5341103538918
31,test,easy,1,125.5563730357355
31,test,difficult,1,366.57717160297864
31,test,easy,1,251.11243405051061
31,test,easy,1,472.30487304395336
32,practice,NA,1,50.44042578951547
32,practice,NA,1,1233.364630241537
32,practice,NA,1,139.38911758854326
32,practice,NA,1,300.612217632501
32,practice,NA,1,954.423620572792
32,practice,NA,1,3395.7904344269537
32,practice,NA,0,306.0740343057722
32,practice,NA,1,565.8417638280325
32,practice,NA,1,10476.635979063296
32,practice,NA,1,121.24746546978052
32,test,difficult,1,356.99551841694876
32,test,easy,1,3287.6281649551843
32,test,easy,1,349.7701659822299
32,test,easy,1,681.1856593730021
32,test,difficult,1,1534.1030387034095
32,test,easy,1,5277.767128681117
32,test,easy,1,141.5497092566617
32,test,easy,1,2097.5446561953613
32,test,easy,1,2853.153680638296
32,test,easy,1,1052.5134796584082
32,test,easy,1,4930.7339324378345
32,test,difficult,1,1759.6851153181115
32,test,difficult,1,215.11003563701672
32,test,difficult,1,6259.769483555404
32,test,difficult,1,6493.611532809254
32,test,easy,1,694.4225275714974
32,test,difficult,1,93.50451144664997
32,test,difficult,1,415.559953267706
32,test,difficult,1,458.77534483882806
32,test,difficult,1,203.98581152587627
33,practice,NA,1,2287.748032109186
33,practice,NA,1,240.14929484385237
33,practice,NA,1,577.9192292654491
33,practice,NA,1,322.74526816866404
33,practice,NA,1,788.8273214992423
33,practice,NA,1,667.527179035262
33,practice,NA,1,1567.525512027432
33,practice,NA,1,1980.8825585570014
33,practice,NA,1,663.5065822520038
33,practice,NA,1,3726.8401817866716
33,test,difficult,1,444.3729327533708
33,test,easy,1,520.1535912620645
33,test,easy,1,456.06369752113045
33,test,difficult,1,589.736714674304
33,test,difficult,1,579.2625910906985
33,test,easy,1,590.4038340554902
33,test,difficult,1,178.01679624012945
33,test,difficult,1,1328.8916022929634
33,test,difficult,1,600.6268940193244
33,test,difficult,1,1513.4943096221728
33,test,difficult,1,198.00336052108898
33,test,easy,1,300.2525754374941
33,test,difficult,1,568.2186812315332
33,test,easy,1,1583.365433532077
33,test,difficult,1,929.6383463421577
33,test,easy,1,1903.932976198028
33,test,difficult,1,305.6707980985343
33,test,difficult,1,893.8085642122795
33,test,easy,1,170.62318854155686
33,test,difficult,1,569.215411655803
34,practice,NA,1,1513.8475383536954
34,practice,NA,1,254.90199505974934
34,practice,NA,1,403.44157241573794
34,practice,NA,1,168.4993634136768
34,practice,NA,1,625.8398380709175
34,practice,NA,1,720.7544030003648
34,practice,NA,1,36.84307789013163
34,practice,NA,1,679.9703038367733
34,practice,NA,1,500.1091196070592
34,practice,NA,1,791.8003799096522
34,test,easy,1,812.9330075021926
34,test,easy,1,244.14317971932493
34,test,difficult,1,466.25857940391666
34,test,difficult,1,447.63777991949354
34,test,difficult,1,827.8238847915349
34,test,easy,1,5261.959512388295
34,test,easy,1,736.2584304455376
34,test,easy,1,1370.584723164552
34,test,difficult,1,566.8856982007791
34,test,easy,1,127.83733287832194
34,test,easy,1,1195.9328963347225
34,test,difficult,1,633.964018698796
34,test,difficult,1,381.8788921934934
34,test,difficult,1,1659.7526114618574
34,test,difficult,1,1808.9653943811193
34,test,easy,1,122.30812921838576
34,test,easy,1,2568.970123682109
34,test,easy,1,259.60596893952015
34,test,easy,1,636.7197595834402
34,test,easy,1,652.5975105857697
35,practice,NA,1,609.40945138788
35,practice,NA,1,1903.669322797336
35,practice,NA,1,287.46383537118527
35,practice,NA,0,1064.8580779950455
35,practice,NA,1,525.1196906327676
35,practice,NA,1,1940.481788136597
35,practice,NA,1,462.9775732774496
35,practice,NA,1,3182.5141640341067
35,practice,NA,1,860.627791744069
35,practice,NA,1,6381.780981921708
35,test,easy,0,325.79188939154386
35,test,easy,1,143.60012192356808
35,test,difficult,1,7599.119835212726
35,test,easy,1,1033.1676773282509
35,test,difficult,0,4152.927747578339
35,test,easy,1,653.0792188265718
35,test,easy,1,281.6843623721571
35,test,easy,0,4646.462318342574
35,test,easy,1,665.305122233875
35,test,difficult,0,2036.0956408333327
35,test,difficult,1,1459.8804384749956
35,test,easy,1,1421.0921204593867
35,test,difficult,1,978.6748820476857
35,test,easy,1,289.5788790021509
35,test,difficult,1,587.7597023514511
35,test,difficult,0,547.8131434654391
35,test,easy,1,463.3266584290986
35,test,difficult,1,295.1212397492465
35,test,easy,1,236.41062555264068
35,test,difficult,1,1800.2188120863775
36,practice,NA,1,625.7401854320559
36,practice,NA,1,202.22826731475624
36,practice,NA,0,109.74883482444011
36,practice,NA,1,242.45471379595486
36,practice,NA,1,208.02617452987946
36,practice,NA,1,92.56743713281936
36,practice,NA,0,2483.161955405181
36,practice,NA,1,764.467702920961
36,practice,NA,1,121.89756072587365
36,practice,NA,1,1332.9535635348918
36,test,easy,1,473.13078110160933
36,test,easy,0,208.02044677583442
36,test,easy,1,1154.7860357372806
36,test,easy,1,129.31911724998258
36,test,difficult,1,3560.7215588170375
36,test,difficult,0,379.6612517376659
36,test,easy,1,322.38612169811364
36,test,easy,0,620.2457962857964
36,test,easy,0,253.94595061567372
36,test,difficult,0,285.3851898584536
36,test,difficult,1,382.4088187906688
36,test,difficult,1,81.05021473140675
36,test,difficult,0,104.12630568893556
36,test,easy,0,438.45701374311403
36,test,easy,0,1219.476553224523
36,test,easy,0,1563.7525842459595
36,test,difficult,1,826.8375248154587
36,test,difficult,1,649.8391797320295
36,test,easy,1,1291.3520764381951
36,test,difficult,0,2080.5533474042168
37,practice,NA,1,108.9161037549448
37,practice,NA,1,1400.0303586375219
37,practice,NA,1,516.7826415829185
37,practice,NA,1,421.8836216338243
37,practice,NA,1,631.828677836743
37,practice,NA,1,898.0171980429096
37,practice,NA,1,494.3596338409327
37,practice,NA,1,450.20689731477455
37,practice,NA,1,865.8904967509718
37,practice,NA,1,334.0559908819292
37,test,easy,1,1452.408755080702
37,test,difficult,1,236.66232553030298
37,test,difficult,1,671.9756155282287
37,test,difficult,1,196.8327323347259
37,test,easy,1,144.44179623685005
37,test,easy,1,435.02369381762816
37,test,easy,1,342.6098419082997
37,test,easy,1,1115.221558194698
37,test,difficult,1,3463.3745238933134
37,test,difficult,1,1395.6371358134684
37,test,difficult,1,421.7892258547884
37,test,easy,1,679.008273543026
37,test,difficult,0,1595.612202282721
37,test,easy,1,672.5825324102731
37,test,difficult,1,1726.1701287728763
37,test,difficult,1,182.3768704439374
37,test,easy,1,186.44219341134166
37,test,easy,1,2014.7692616676852
37,test,difficult,1,840.5480441719949
37,test,easy,1,1547.125586457633
38,practice,NA,1,933.2590059077902
38,practice,NA,1,197.74159618881689
38,practice,NA,1,1330.5990583533217
38,practice,NA,1,467.64062972711207
38,practice,NA,1,251.901359248054
38,practice,NA,1,1060.1543257550506
38,practice,NA,1,2292.2000167158812
38,practice,NA,1,1332.3895476351438
38,practice,NA,0,206.0124505139868
38,practice,NA,1,1405.0234082688971
38,test,easy,1,37.05817374337785
38,test,difficult,0,2103.5534874861096
38,test,difficult,1,136.59701987928787
38,test,difficult,0,1304.8946471857605
38,test,easy,0,419.87523207549646
38,test,difficult,0,7422.102984905398
38,test,easy,1,183.72576843024729
38,test,easy,1,318.6475762947517
38,test,easy,1,1855.3102865663193
38,test,easy,1,2449.002173327235
38,test,difficult,1,721.6903472282728
38,test,easy,1,921.2214384194517
38,test,difficult,1,858.366939619397
38,test,difficult,1,650.7424482487999
38,test,difficult,1,536.1887445699747
38,test,difficult,1,469.88615053369625
38,test,difficult,0,504.15559789468654
38,test,easy,0,1537.053432130894
38,test,difficult,1,673.1573093108155
38,test,easy,1,274.1153265228123
39,practice,NA,0,1137.2110287713865
39,practice,NA,1,589.7467234841704
39,practice,NA,1,888.748378747456
39,practice,NA,0,753.7115494036117
39,practice,NA,1,4312.314080766579
39,practice,NA,1,1437.9253190754503
39,practice,NA,1,1783.3497502495488
39,practice,NA,1,449.55464638170366
39,practice,NA,1,454.01630980971186
39,practice,NA,1,1711.550866298036
39,test,difficult,0,1212.1703524368756
39,test,easy,1,302.6961397944792
39,test,difficult,1,1441.102060186892
39,test,difficult,1,322.1039465147648
39,test,difficult,1,1819.6268903846412
39,test,difficult,0,1119.0638542310783
39,test,easy,0,1241.3506744224849
39,test,easy,1,1590.0275793102999
39,test,easy,1,1800.692623422234
39,test,easy,1,751.8273116547361
39,test,easy,0,7479.355183262938
39,test,easy,1,1278.5124059065793
39,test,difficult,1,305.33994927228395
39,test,difficult,1,151.8645329541569
39,test,difficult,1,1192.685290558871
39,test,difficult,0,777.7562228743712
39,test,difficult,1,1532.5186691303663
39,test,difficult,1,1570.748788585204
39,test,easy,0,740.9505100054267
39,test,easy,1,502.93347900072445
40,practice,NA,1,149.86636186747575
40,practice,NA,1,176.5084079392265
40,practice,NA,1,679.0354338740433
40,practice,NA,0,568.0615371550878
40,practice,NA,0,451.4058065250753
40,practice,NA,1,160.3694941378784
40,practice,NA,1,385.59002802903154
40,practice,NA,0,540.685592647713
40,practice,NA,1,945.0250778845653
40,practice,NA,1,1016.5542515768756
40,test,difficult,1,558.7153980816056
40,test,difficult,1,828.3500874587364
40,test,easy,1,609.755069960405
40,test,easy,1,260.3243453545177
40,test,difficult,1,148.28083709859368
40,test,difficult,0,4192.9244876222065
40,test,easy,1,41.030428880499294
40,test,easy,1,525.5219940415309
40,test,easy,1,2787.449177488448
40,test,difficult,1,480.76413467341297
40,test,easy,1,300.2009390459051
40,test,difficult,0,1493.411276636008
40,test,difficult,1,225.3379222095014
40,test,easy,1,448.9465188308509
40,test,easy,1,734.6806218326276
40,test,easy,1,1282.7283213500405
40,test,difficult,1,397.6101597072399
40,test,easy,1,3068.531396658282
40,test,easy,1,797.580695763709
40,test,easy,1,213.89997747554852
41,practice,NA,1,2159.24366369353
41,practice,NA,0,639.5582145577929
41,practice,NA,0,254.94442027090017
41,practice,NA,1,624.1223338544322
41,practice,NA,1,168.8758203986276
41,practice,NA,1,797.1856817879843
41,practice,NA,0,1042.0117829700803
41,practice,NA,0,149.58220891753183
41,practice,NA,1,196.03574122150326
41,practice,NA,1,2372.233419960965
41,test,easy,1,3492.9332212512822
41,test,easy,0,169.87860938802302
41,test,easy,1,91.87922286455276
41,test,easy,1,432.0790781325839
41,test,difficult,0,77.5951052393265
41,test,easy,1,1050.0232688816563
41,test,easy,0,866.6988702963877
41,test,difficult,0,609.5429859363637
41,test,easy,1,483.9204997773413
41,test,difficult,0,1262.7804434931577
41,test,easy,0,237.14844952254984
41,test,easy,0,398.0058403850185
41,test,easy,1,1104.6622074656862
41,test,difficult,1,783.0350584704034
41,test,easy,0,771.2644590180175
41,test,easy,1,646.6792192010515
41,test,difficult,0,966.804158300413
41,test,easy,1,2169.0882935548675
41,test,easy,1,1450.0700026823317
41,test,difficult,1,1984.7943243561149
42,practice,NA,1,980.008130986586
42,practice,NA,1,261.43490834233
42,practice,NA,1,193.34289094490248
42,practice,NA,1,812.7499192354949
42,practice,NA,1,5803.337016559722
42,practice,NA,1,3691.946452825496
42,practice,NA,1,2130.105897932805
42,practice,NA,1,338.72121652946026
42,practice,NA,1,834.784246924604
42,practice,NA,1,245.28145713591974
42,test,difficult,1,1708.2914568968652
42,test,easy,1,717.7511280713369
42,test,easy,1,57.25261080560697
42,test,easy,1,5336.663904106889
42,test,easy,1,833.1895633154109
42,test,easy,1,112.10925021121588
42,test,easy,1,472.1944880327322
42,test,difficult,1,1401.882153927755
42,test,easy,1,576.6089622077477
42,test,easy,1,1006.1375460057436
42,test,difficult,1,482.39793399834383
42,test,difficult,1,185.87104338607918
42,test,difficult,0,1018.8353766943078
42,test,difficult,0,385.8208631055951
42,test,easy,1,814.1974615709082
42,test,difficult,1,2794.0114816211294
42,test,difficult,1,625.9696226379089
42,test,difficult,1,542.6242321663087
42,test,easy,1,1395.8514914970838
42,test,difficult,1,404.0337715662983
43,practice,NA,0,1717.4295635364779
43,practice,NA,1,171.27760217703857
43,practice,NA,0,875.3746472059348
43,practice,NA,0,273.5307275234918
43,practice,NA,1,459.98611406039663
43,practice,NA,1,911.4057877634915
43,practice,NA,1,550.7073026613541
43,practice,NA,0,539.6086225686
43,practice,NA,1,1065.7814643764514
43,practice,NA,0,3219.877163213893
43,test,easy,1,1120.0544086750497
43,test,easy,1,1026.1563264374008
43,test,difficult,0,397.97619073423806
43,test,difficult,1,386.3372110118362
43,test,easy,1,890.1238369334529
43,test,difficult,1,279.8362744256373
43,test,difficult,0,185.20269132215589
43,test,easy,0,1513.5349497901539
43,test,easy,1,232.50392891583573
43,test,easy,1,724.7804903972195
43,test,difficult,0,598.9324141574332
43,test,easy,0,343.45285220569525
43,test,easy,1,350.060638820489
43,test,difficult,1,300.8881687344155
43,test,difficult,1,586.909197017531
43,test,difficult,1,444.1745692764982
43,test,easy,1,883.790565384937
43,test,easy,1,341.3018058635075
43,test,easy,0,195.15879659457002
43,test,difficult,1,710.0297053406541
44,practice,NA,1,2682.704901250716
44,practice,NA,1,890.0263249434682
44,practice,NA,1,642.266364033055
44,practice,NA,1,924.3367434404904
44,practice,NA,1,76.53982587471663
44,practice,NA,1,2462.597801750316
44,practice,NA,1,185.22797507066093
44,practice,NA,1,990.4767107091781
44,practice,NA,1,407.23042710794726
44,practice,NA,1,1679.7444353159037
44,test,easy,1,1105.7232718767596
44,test,difficult,0,157.90506724242098
44,test,difficult,1,523.4133203810047
44,test,difficult,1,1096.051513274252
44,test,easy,1,307.5932049885659
44,test,difficult,1,243.22829064982935
44,test,easy,1,99.20398845950825
44,test,easy,1,1525.6410675866564
44,test,easy,1,291.0521367026451
44,test,easy,1,1219.3015068863133
44,test,difficult,1,1659.9876497209364
44,test,difficult,1,890.3013466162146
44,test,difficult,1,1431.3022563923096
44,test,easy,0,77.2085731419399
44,test,difficult,1,2308.9331878326243
44,test,difficult,1,971.0755041940076
44,test,difficult,1,172.87566926371014
44,test,easy,1,153.65737948262904
44,test,difficult,1,4477.849575257745
44,test,easy,1,663.2871190184245
45,practice,NA,1,1853.4280537105487
45,practice,NA,1,876.4067313807237
45,practice,NA,0,655.93799261038
45,practice,NA,1,435.3835721904402
45,practice,NA,1,133.24056351925358
45,practice,NA,1,140.66209936113017
45,practice,NA,1,1417.6571505020815
45,practice,NA,1,510.582539141559
45,practice,NA,1,55.15131173240896
45,practice,NA,1,1302.175117444398
45,test,easy,1,305.0132776557865
45,test,easy,1,566.1451130572261
45,test,difficult,1,856.8431870123372
45,test,difficult,1,456.6795755833084
45,test,easy,1,2165.454701074192
45,test,easy,1,607.9288354793814
45,test,easy,1,208.02136053094435
45,test,easy,1,767.0021365176364
45,test,difficult,1,2575.5163459617975
45,test,difficult,1,443.9656845381047
45,test,easy,1,1941.0242933951931
45,test,difficult,1,298.57128798511724
45,test,easy,1,1003.1931135999797
45,test,easy,1,1211.2132866137472
45,test,easy,1,740.4523341959937
45,test,difficult,1,2017.8958161539533
45,test,easy,1,741.7563292727556
45,test,easy,1,419.227937001641
45,test,easy,1,766.4858493261561
45,test,difficult,1,2048.9449719989275
46,practice,NA,1,406.9603599067461
46,practice,NA,1,185.2971466729959
46,practice,NA,1,2877.6475257308693
46,practice,NA,1,389.6823774196096
46,practice,NA,1,957.7293249084643
46,practice,NA,1,815.2944124014365
46,practice,NA,0,652.4484088076225
46,practice,NA,0,425.67726271142885
46,practice,NA,1,785.8742043644485
46,practice,NA,1,2591.44182250525
46,test,difficult,1,323.33264447924864
46,test,difficult,1,343.272771215949
46,test,easy,1,1880.6039263753305
46,test,difficult,1,381.5555262934598
46,test,difficult,1,253.916310317647
46,test,easy,1,323.13460931674837
46,test,easy,0,296.93705231271036
46,test,difficult,1,143.9549609202394
46,test,difficult,1,430.01430814855314
46,test,easy,0,158.16078252908451
46,test,difficult,1,273.0753549062766
46,test,easy,1,740.6826526852636
46,test,easy,1,241.6466633039764
46,test,easy,1,1316.8355970367115
46,test,difficult,0,183.1446711903709
46,test,easy,1,555.0130195788445
46,test,difficult,1,2437.7155845052484
46,test,easy,0,1287.872346270819
46,test,easy,0,3318.323307670153
46,test,easy,1,860.7471764945876
47,practice,NA,1,129.59175419792516
47,practice,NA,1,295.54774165034183
47,practice,NA,1,338.36924155190417
47,practice,NA,1,516.1523884740948
47,practice,NA,0,699.9676773585553
47,practice,NA,1,1263.7915937374894
47,practice,NA,0,183.31366215264234
47,practice,NA,1,969.1209883982028
47,practice,NA,1,543.7455525564602
47,practice,NA,0,58.353406728455475
47,test,easy,0,1158.7701465497566
47,test,difficult,0,555.111002579294
47,test,difficult,1,89.96749340192278
47,test,easy,0,679.7238290038307
47,test,difficult,0,457.7337898692611
47,test,easy,1,1808.0244885177797
47,test,easy,1,346.3115037899614
47,test,easy,0,279.3263342547119
47,test,easy,1,1947.9680360371876
47,test,easy,1,323.3614435616768
47,test,easy,1,200.68564230808477
47,test,easy,1,245.42201762896656
47,test,difficult,1,601.2332489273723
47,test,easy,0,715.31556220272
47,test,easy,0,463.24861907692423
47,test,easy,0,569.0460106141629
47,test,easy,1,197.50600611710252
47,test,easy,1,2548.5991787327266
47,test,easy,1,335.235216404232
47,test,easy,1,498.8108103614175
48,practice,NA,1,2272.8532246871914
48,practice,NA,1,820.4366851438627
48,practice,NA,1,2417.8917787810506
48,practice,NA,1,3836.5739771111207
48,practice,NA,1,654.8514469054198
48,practice,NA,1,2504.9566216117964
48,practice,NA,1,158.30708022835435
48,practice,NA,1,386.70114877444195
48,practice,NA,1,1404.245106985576
48,practice,NA,1,400.8549947343142
48,test,difficult,1,157.7403718107806
48,test,difficult,1,1022.2347243686334
48,test,easy,1,312.7604549155609
48,test,difficult,1,1969.6439802790371
48,test,easy,1,226.00639507698747
48,test,easy,1,166.06483056489967
48,test,difficult,1,241.01690717747869
48,test,difficult,1,863.4922888280089
48,test,easy,1,245.66314140126389
48,test,easy,1,356.780671882111
48,test,difficult,1,1335.2648281761192
48,test,difficult,1,352.93412810281063
48,test,easy,1,1200.926360126888
48,test,easy,1,214.2015606216942
48,test,difficult,1,403.04909271742775
48,test,difficult,0,2014.3724147823757
48,test,easy,1,319.9073353186843
48,test,difficult,1,4539.431949292285
48,test,easy,1,929.2368820056998
48,test,difficult,1,308.38971132270956
49,practice,NA,1,948.472349283383
49,practice,NA,1,250.37099450139823
49,practice,NA,1,1168.5303042299204
49,practice,NA,1,684.5084419411193
49,practice,NA,1,234.1809777854115
49,practice,NA,1,509.811391853207
49,practice,NA,1,647.3787014906378
49,practice,NA,1,674.2496726791192
49,practice,NA,0,274.38917557763455
49,practice,NA,1,796.7395653224946
49,test,difficult,1,493.22227095573055
49,test,easy,1,5626.539950226558
49,test,easy,1,1027.3593477392512
49,test,difficult,1,3878.3856801193965
49,test,difficult,1,1122.8702137563255
49,test,difficult,1,344.834232823068
49,test,easy,1,787.5420337539329
49,test,easy,1,459.3850928701979
49,test,difficult,1,473.1543302082315
49,test,difficult,1,1603.2826611885075
49,test,difficult,1,1413.493520058454
49,test,difficult,1,185.5528069031772
49,test,difficult,1,1044.5905242296028
49,test,difficult,1,547.7355623253252
49,test,easy,1,1086.2172620039653
49,test,difficult,1,413.8580248772047
49,test,difficult,1,6007.099912731499
49,test,easy,1,1185.6605386166316
49,test,easy,1,2595.7817507020327
49,test,difficult,1,110.23420693372393
50,practice,NA,0,2875.0088827362074
50,practice,NA,1,216.2782699907525
50,practice,NA,1,1044.8081563319747
50,practice,NA,0,1139.2151376034105
50,practice,NA,1,882.8498025054239
50,practice,NA,0,401.81946576591633
50,practice,NA,1,1180.3018824226106
50,practice,NA,1,373.9493621574748
50,practice,NA,0,1588.8866747321943
50,practice,NA,1,241.43464432827193
50,test,easy,1,1443.375933948714
50,test,easy,1,904.1087749905512
50,test,difficult,1,1219.83630815256
50,test,difficult,1,754.5755347917016
50,test,easy,1,284.27221880227023
50,test,difficult,0,1144.8644078576976
50,test,easy,1,5321.630259411277
50,test,difficult,1,71.28660298045473
50,test,difficult,1,1765.9581954298442
50,test,difficult,1,72.66132913157193
50,test,difficult,1,2619.417282199728
50,test,difficult,1,892.6197530158719
50,test,difficult,0,891.8465230291825
50,test,easy,1,2195.886909342559
50,test,difficult,1,617.5548611332258
50,test,easy,1,372.7897613285959
50,test,easy,1,1526.664569850164
50,test,easy,1,211.8177082586024
50,test,easy,1,628.0109918027573
50,test,easy,1,799.0369607860313
